INSERT INTO individuo(documento, nome, dt_nascimento) VALUES ('1', 'Caio Carlos', '1994-03-03');
INSERT INTO individuo(documento, nome, dt_nascimento) VALUES ('2', 'Luiz Luz', '2007-03-03');
INSERT INTO individuo(documento, nome, dt_nascimento) VALUES ('3', 'Marcelo Matos', '2004-03-03');
INSERT INTO individuo(documento, nome, dt_nascimento) VALUES ('4', 'Patricia Pereira', '2002-03-03');
INSERT INTO individuo(documento, nome, dt_nascimento) VALUES ('5', 'Maria Lucia', '2001-03-03');
INSERT INTO individuo(documento, nome, dt_nascimento) VALUES ('6', 'Jorge Menezes', '1994-03-03');
INSERT INTO individuo(documento, nome, dt_nascimento) VALUES ('7', 'Luiz Macedo', '2007-03-03');
INSERT INTO individuo(documento, nome, dt_nascimento) VALUES ('8', 'Marcelo Para', '2004-03-03');
INSERT INTO individuo(documento, nome, dt_nascimento) VALUES ('10', 'Joao Marcelo Paiva', '1994-03-03');
INSERT INTO individuo(documento, nome, dt_nascimento) VALUES ('11', 'Marciana Torres', '1993-03-03');
INSERT INTO individuo(documento, nome, dt_nascimento) VALUES ('11124', 'Juliana Meira', '1994-03-03');
INSERT INTO individuo(documento, nome, dt_nascimento) VALUES ('23', 'Luiza Souza', '1990-03-03');
INSERT INTO individuo(documento, nome, dt_nascimento) VALUES ('34', 'Rui Costa', '2000-03-03');
INSERT INTO individuo(documento, nome, dt_nascimento) VALUES ('101', 'Joao Doria', '2012-03-03');
INSERT INTO individuo(documento, nome, dt_nascimento) VALUES ('111', 'Tarcisio Pimenta', '2003-03-03');
INSERT INTO individuo(documento, nome, dt_nascimento) VALUES ('12', 'Wellington Dias', '1992-03-03');
INSERT INTO individuo(documento, nome, dt_nascimento) VALUES ('27', 'Raphael Novaes', '1950-03-03');
INSERT INTO individuo(documento, nome, dt_nascimento) VALUES ('9', 'Marcelo Camelo', '1950-03-03');
INSERT INTO individuo(documento, nome, dt_nascimento) VALUES ('104', 'Joao Jorge da Silva', '1953-03-03');
INSERT INTO individuo(documento, nome, dt_nascimento) VALUES ('1165', 'Gabriel Costa', '1960-03-03');
INSERT INTO individuo(documento, nome, dt_nascimento) VALUES ('145', 'Caio Maria', '1948-03-03');
INSERT INTO individuo(documento, nome, dt_nascimento) VALUES ('256', 'Luiza Pereira', '1922-03-03');
INSERT INTO individuo(documento, nome, dt_nascimento) VALUES ('376', 'Carla Zambeli', '1960-03-03');
INSERT INTO individuo(documento, nome, dt_nascimento) VALUES ('1086', 'Eduardo Paes', '2002-03-03');
INSERT INTO individuo(documento, nome, dt_nascimento) VALUES ('11987', 'Lucas Moura', '2001-03-03');
INSERT INTO individuo(documento, nome, dt_nascimento) VALUES ('176', 'Yan Almeida', '1994-03-03');
INSERT INTO individuo(documento, nome, dt_nascimento) VALUES ('2234', 'Rubens Alves', '2001-03-03');
INSERT INTO individuo(documento, nome, dt_nascimento) VALUES ('323423', 'Marcelo Moraes', '2004-03-03');
INSERT INTO individuo(documento, nome, dt_nascimento) VALUES ('10234', 'Joaquim Pereira', '2002-03-03');
INSERT INTO individuo(documento, nome, dt_nascimento) VALUES ('11234', 'Daniel Carlos', '2001-03-03');
INSERT INTO individuo(documento, nome, dt_nascimento) VALUES ('13243', 'Severino Costa', '1994-03-03');
INSERT INTO individuo(documento, nome, dt_nascimento) VALUES ('25432', 'Rui Junior', '2007-03-03');
INSERT INTO individuo(documento, nome, dt_nascimento) VALUES ('34573', 'Paco Rabanne', '2004-03-03');
INSERT INTO individuo(documento, nome, dt_nascimento) VALUES ('10234325', 'Leticia Almeida', '2002-03-03');
INSERT INTO individuo(documento, nome, dt_nascimento) VALUES ('11436', 'Mario Luigi', '2001-03-03');
INSERT INTO individuo(documento, nome, dt_nascimento) VALUES ('0589', 'Luigi Mario', '1960-03-03');
INSERT INTO individuo(documento, nome, dt_nascimento) VALUES ('453564', 'Marcio Guilherme', '1999-02-03');
INSERT INTO individuo(documento, nome, dt_nascimento) VALUES ('786787', 'Marcos Vieira', '1999-03-02');
INSERT INTO individuo(documento, nome, dt_nascimento) VALUES ('907988', 'Robson Silva', '1980-03-02');
INSERT INTO individuo(documento, nome, dt_nascimento) VALUES ('35345645', 'Eduardo Cesar', '1970-03-02');
INSERT INTO individuo(documento, nome, dt_nascimento) VALUES ('456578', 'Igor Loredo', '1980-09-09'); //
INSERT INTO individuo(documento, nome, dt_nascimento) VALUES ('896786', 'Guilherme Machado', '1980-08-08');
INSERT INTO individuo(documento, nome, dt_nascimento) VALUES ('345767', 'Tatiane Ribeiro', '1980-07-07');
INSERT INTO individuo(documento, nome, dt_nascimento) VALUES ('43546', 'Maria Aparecida', '1980-04-04');
INSERT INTO individuo(documento, nome, dt_nascimento) VALUES ('7868', 'Aparecida de Souza', '1990-03-05');
INSERT INTO individuo(documento, nome, dt_nascimento) VALUES ('2356778', 'Tiago Fernandes', '2000-10-10');
INSERT INTO individuo(documento, nome, dt_nascimento) VALUES ('24536566', 'Cristiano Ronaldo', '1990-12-12');
INSERT INTO individuo(documento, nome, dt_nascimento) VALUES ('9096875', 'Joao Soares', '1995-08-02');
INSERT INTO individuo(documento, nome, dt_nascimento) VALUES ('98756567', 'Felipe Danelon', '1988-03-10');
INSERT INTO individuo(documento, nome, dt_nascimento) VALUES ('665456', 'Leticia Almeida', '1988-08-08');
SELECT * FROM individuo;


INSERT INTO processo_judicial(doc_reu, procedencia, dt_termino) VALUES ('323423', 'Culpado(a)', '2018-03-03');
INSERT INTO processo_judicial(doc_reu, procedencia, dt_termino) VALUES ('323423', 'Culpado(a)', '2019-02-03');
INSERT INTO processo_judicial(doc_reu, procedencia, dt_termino) VALUES ('376', 'Culpado(a)', '2017-12-04');
INSERT INTO processo_judicial(doc_reu, procedencia, dt_termino) VALUES ('11', 'Culpado(a)', '2009-03-12');
INSERT INTO processo_judicial(doc_reu, procedencia, dt_termino) VALUES ('145', 'Culpado(a)', '1994-03-21');
INSERT INTO processo_judicial(doc_reu, procedencia, dt_termino) VALUES ('104', 'Culpado(a)', '2014-03-04');
INSERT INTO processo_judicial(doc_reu, procedencia, dt_termino) VALUES ('9096875', 'Culpado(a)', '2018-06-06');//
INSERT INTO processo_judicial(doc_reu, procedencia, dt_termino) VALUES ('896786', 'Culpado(a)', '2000-10-10');
INSERT INTO processo_judicial(doc_reu, procedencia, dt_termino) VALUES ('786787', 'Culpado(a)', '2020-05-04');
INSERT INTO processo_judicial(doc_reu, procedencia, dt_termino) VALUES ('907988', 'Culpado(a)', '2003-09-09');

INSERT INTO processo_judicial(doc_reu, procedencia, dt_termino) VALUES ('23', 'Inocente', '2018-11-11');
INSERT INTO processo_judicial(doc_reu, procedencia, dt_termino) VALUES ('12', 'Inocente', '2019-12-12');
INSERT INTO processo_judicial(doc_reu, procedencia, dt_termino) VALUES ('23', 'Inocente', '2013-06-08');
INSERT INTO processo_judicial(doc_reu, procedencia, dt_termino) VALUES ('12', 'Inocente', '2011-03-04');
INSERT INTO processo_judicial(doc_reu, procedencia, dt_termino) VALUES ('8', 'Inocente', '2010-03-04');
INSERT INTO processo_judicial(doc_reu, procedencia, dt_termino) VALUES ('23', 'Inocente', '2014-03-04');
INSERT INTO processo_judicial(doc_reu, procedencia, dt_termino) VALUES ('13243', 'Inocente', '2018-05-05');//
INSERT INTO processo_judicial(doc_reu, procedencia, dt_termino) VALUES ('456578', 'Inocente', '2005-08-04');
INSERT INTO processo_judicial(doc_reu, procedencia, dt_termino) VALUES ('43546', 'Inocente', '2007-05-08');
INSERT INTO processo_judicial(doc_reu, procedencia, dt_termino) VALUES ('9096875', 'Inocente', '2014-05-05');

INSERT INTO processo_judicial(doc_reu) VALUES ('9');
INSERT INTO processo_judicial(doc_reu) VALUES ('2');
INSERT INTO processo_judicial(doc_reu) VALUES ('10234325');
INSERT INTO processo_judicial(doc_reu) VALUES ('2234');
INSERT INTO processo_judicial(doc_reu) VALUES ('256');
INSERT INTO processo_judicial(doc_reu) VALUES ('176');
INSERT INTO processo_judicial(doc_reu) VALUES ('2234');
INSERT INTO processo_judicial(doc_reu) VALUES ('2');
INSERT INTO processo_judicial(doc_reu) VALUES ('665456');
INSERT INTO processo_judicial(doc_reu) VALUES ('10234325');
-- TODO Criar rotina para impedir que processos sem data de termino sejam culpados
SELECT * FROM processo_judicial;

INSERT INTO partido VALUES ('PSOL', 'Partido da liberdade');
INSERT INTO partido VALUES ('PSC', 'Partido Cristao');
INSERT INTO partido VALUES ('PSDB', 'Tucanos');
INSERT INTO partido VALUES ('PSL', 'Tradicao e aventura');  -- Pode string vazia
INSERT INTO partido VALUES ('PSM', 'O maior dos maiores');
INSERT INTO partido VALUES ('PDT', 'O maior dos maiores');
SELECT * FROM partido;

INSERT INTO cargo(nome,cidade,uf,federacao,qtd_eleitos) VALUES ('Prefeito', 'Belo Horizonte', 'MG', 'BR', 1);
INSERT INTO cargo(nome,cidade,uf,federacao,qtd_eleitos) VALUES ('Deputado', 'Belo Horizonte', 'MG', 'BR', 15);
INSERT INTO cargo(nome,qtd_eleitos) VALUES ('Senador', 3);
INSERT INTO cargo(nome,qtd_eleitos) VALUES ('Presidente', 1);
INSERT INTO cargo(nome,cidade,uf,federacao,qtd_eleitos) VALUES ('Vereador', 'Belo Horizonte', 'MG', 'BR', 9);
INSERT INTO cargo(nome,cidade,uf,qtd_eleitos) VALUES ('Vereador', 'Sao Carlos', 'SP', 9);
INSERT INTO cargo(nome,cidade,uf,qtd_eleitos) VALUES ('Prefeito', 'Sao Carlos', 'SP', 1);
INSERT INTO cargo(nome,cidade,uf,qtd_eleitos) VALUES ('Deputado Federal', 'Brasilia', 'DF', 9);
INSERT INTO cargo(nome,cidade,uf,qtd_eleitos) VALUES ('Deputado Federal', 'Salvador', 'BA', 9);
INSERT INTO cargo(nome,cidade,uf,qtd_eleitos) VALUES ('Vereador', 'Sao Paulo', 'SP', 50);
INSERT INTO cargo(nome,uf,qtd_eleitos) VALUES ('Governador','SP', 1);
INSERT INTO cargo(nome,uf,qtd_eleitos) VALUES ('Deputado Estadual','SP', 5);
INSERT INTO cargo(nome,uf,qtd_eleitos) VALUES ('Deputado Estadual','BA', 5);
INSERT INTO cargo(nome,cidade,uf,qtd_eleitos) VALUES ('Vereador','Feira de Santana','BA', 10);
SELECT * FROM cargo;

INSERT INTO candidatura(doc_candidato, ano_eleicao, cod_cargo, partido, pleito) VALUES ('9', '2020', 2, 'PSOL', 200) RETURNING *;
INSERT INTO candidatura(doc_candidato, ano_eleicao, cod_cargo, partido, pleito) VALUES ('12', '2018', 5, 'PSC', 120) RETURNING *;
INSERT INTO candidatura(doc_candidato, ano_eleicao, cod_cargo, partido, pleito) VALUES ('2', '2020', 2, 'PSOL', 270) RETURNING *;
INSERT INTO candidatura(doc_candidato, ano_eleicao, cod_cargo, partido, pleito) VALUES ('2', '2014', 2, 'PSOL', 270) RETURNING *;
INSERT INTO candidatura(doc_candidato, ano_eleicao, cod_cargo, partido, pleito) VALUES ('3', '2016', 15, 'PSDB', 120) RETURNING *;
INSERT INTO candidatura(doc_candidato, ano_eleicao, cod_cargo, partido, pleito) VALUES ('11', '2020', 5, 'PSL', 24) RETURNING *;
INSERT INTO candidatura(doc_candidato, ano_eleicao, cod_cargo, partido, pleito) VALUES ('10', '2020', 13, 'PSL', 1200);
INSERT INTO candidatura(doc_candidato, ano_eleicao, cod_cargo, partido, pleito) VALUES ('104', '2022', 14, 'PSDB', 1000) RETURNING *;
INSERT INTO candidatura(doc_candidato, ano_eleicao, cod_cargo, partido, pleito) VALUES ('4', '2022', 13, 'PSL', 1200);
INSERT INTO candidatura(doc_candidato, ano_eleicao, cod_cargo, partido, pleito) VALUES ('1', '2020', 3, 'PSOL', 1200);
INSERT INTO candidatura(doc_candidato, ano_eleicao, cod_cargo, partido, pleito) VALUES ('104', '2020', 4, 'PSOL', 1100);
INSERT INTO candidatura(doc_candidato, ano_eleicao, cod_cargo, partido, pleito) VALUES ('145', '2020', 3, 'PSOL', 12120);
INSERT INTO candidatura(doc_candidato, ano_eleicao, cod_cargo, partido, pleito) VALUES ('4', '2020', 4, 'PSL', 1120);
INSERT INTO candidatura(doc_candidato, ano_eleicao, cod_cargo, partido, pleito) VALUES ('5', '2020', 13, 'PSL', 1140);
INSERT INTO candidatura(doc_candidato, ano_eleicao, cod_cargo, partido, pleito) VALUES ('6', '2020', 13, 'PSL', 140);
INSERT INTO candidatura(doc_candidato, ano_eleicao, cod_cargo, partido, pleito) VALUES ('7', '2020', 13, 'PSL', 11100);
INSERT INTO candidatura(doc_candidato, ano_eleicao, cod_cargo, partido, pleito) VALUES ('8', '2020', 13, 'PSL', 180);
SELECT * FROM candidatura;


SELECT documento, i.nome, ano_eleicao, c.nome AS cargo FROM candidatura
	JOIN individuo i ON doc_candidato = documento
	JOIN partido p ON partido = p.nome
	JOIN cargo c ON cod_cargo = c.codigo;